maintenance_id,machine_id,date_id,maintenance_type,duration_minutes,cost_inr,technician_team
MT00001,M011,20250901,Corrective,226.0,46702.0,Team C
MT00002,M016,20250901,Corrective,264.0,27566.0,Team C
MT00003,M026,20250901,Corrective,178.0,74767.0,Team A
MT00004,M029,20250901,Corrective,334.0,56476.0,Team A
MT00005,M033,20250901,Preventive,78.0,15570.0,Team A
MT00006,M027,20250901,Preventive,172.0,29521.0,Team C
MT00007,M028,20250901,Preventive,155.0,11766.0,Team A
MT00008,M001,20250901,Preventive,140.0,7796.0,Team C
MT00009,M019,20250901,Preventive,111.0,18805.0,Team D
MT00010,M003,20250901,Preventive,142.0,21317.0,Team A
MT00011,M035,20250902,Corrective,252.0,23206.0,Team A
MT00012,M037,20250903,Corrective,188.0,58919.0,Team A
MT00013,M008,20250904,Corrective,288.0,98018.0,Team D
MT00014,M026,20250906,Corrective,252.0,45455.0,Team A
MT00015,M031,20250907,Corrective,356.0,28165.0,Team A
MT00016,M026,20250908,Corrective,340.0,107406.0,Team C
MT00017,M005,20250908,Preventive,120.0,9421.0,Team D
MT00018,M039,20250908,Preventive,148.0,11081.0,Team B
MT00019,M033,20250908,Preventive,106.0,11778.0,Team D
MT00020,M022,20250908,Preventive,102.0,17085.0,Team A
MT00021,M013,20250908,Preventive,142.0,24526.0,Team C
MT00022,M006,20250908,Preventive,64.0,8324.0,Team B
MT00023,M005,20250909,Corrective,161.0,80400.0,Team D
MT00024,M038,20250909,Corrective,130.0,99278.0,Team C
MT00025,M024,20250910,Corrective,216.0,102517.0,Team C
MT00026,M017,20250911,Corrective,341.0,15890.0,Team A
MT00027,M035,20250912,Corrective,260.0,27920.0,Team D
MT00028,M025,20250913,Corrective,342.0,33083.0,Team C
MT00029,M036,20250913,Corrective,341.0,62834.0,Team B
MT00030,M038,20250913,Corrective,210.0,64487.0,Team A
MT00031,M019,20250914,Corrective,358.0,117436.0,Team C
MT00032,M026,20250914,Corrective,182.0,58341.0,Team A
MT00033,M029,20250914,Corrective,337.0,116556.0,Team D
MT00034,M004,20250915,Corrective,297.0,57668.0,Team D
MT00035,M007,20250915,Corrective,302.0,102514.0,Team C
MT00036,M018,20250915,Corrective,186.0,62740.0,Team D
MT00037,M028,20250915,Corrective,222.0,117171.0,Team D
MT00038,M029,20250915,Corrective,124.0,110341.0,Team D
MT00039,M002,20250915,Preventive,72.0,19572.0,Team A
MT00040,M023,20250915,Preventive,170.0,20335.0,Team B
MT00041,M040,20250915,Preventive,174.0,24465.0,Team B
MT00042,M009,20250915,Preventive,177.0,20011.0,Team C
MT00043,M028,20250915,Preventive,126.0,17563.0,Team D
MT00044,M035,20250915,Preventive,70.0,5546.0,Team D
MT00045,M011,20250916,Corrective,143.0,62398.0,Team C
MT00046,M012,20250917,Corrective,137.0,118909.0,Team A
MT00047,M025,20250917,Corrective,162.0,18406.0,Team B
MT00048,M030,20250917,Corrective,290.0,84584.0,Team D
MT00049,M035,20250917,Corrective,360.0,53882.0,Team A
MT00050,M021,20250918,Corrective,141.0,117955.0,Team C
MT00051,M027,20250918,Corrective,136.0,97469.0,Team D
MT00052,M033,20250918,Corrective,269.0,114426.0,Team A
MT00053,M034,20250918,Corrective,206.0,70544.0,Team A
MT00054,M036,20250918,Corrective,267.0,119887.0,Team D
MT00055,M019,20250919,Corrective,301.0,91875.0,Team C
MT00056,M021,20250919,Corrective,249.0,40201.0,Team B
MT00057,M008,20250920,Corrective,135.0,22472.0,Team A
MT00058,M017,20250920,Corrective,337.0,24805.0,Team C
MT00059,M025,20250920,Corrective,305.0,111649.0,Team D
MT00060,M028,20250920,Corrective,260.0,37317.0,Team A
MT00061,M035,20250920,Corrective,243.0,74482.0,Team B
MT00062,M036,20250920,Corrective,230.0,63254.0,Team D
MT00063,M038,20250920,Corrective,294.0,57871.0,Team B
MT00064,M039,20250920,Corrective,324.0,116074.0,Team A
MT00065,M006,20250921,Corrective,352.0,17847.0,Team B
MT00066,M022,20250922,Corrective,239.0,39084.0,Team A
MT00067,M036,20250922,Corrective,172.0,88340.0,Team D
MT00068,M040,20250922,Corrective,178.0,90176.0,Team B
MT00069,M023,20250922,Preventive,100.0,17252.0,Team C
MT00070,M014,20250922,Preventive,173.0,24502.0,Team B
MT00071,M001,20250922,Preventive,82.0,15599.0,Team B
MT00072,M025,20250922,Preventive,133.0,24581.0,Team D
MT00073,M015,20250922,Preventive,149.0,7344.0,Team C
MT00074,M032,20250922,Preventive,174.0,27009.0,Team A
MT00075,M019,20250923,Corrective,227.0,70314.0,Team C
MT00076,M026,20250923,Corrective,247.0,35363.0,Team A
MT00077,M035,20250923,Corrective,260.0,28279.0,Team B
MT00078,M007,20250924,Corrective,180.0,16554.0,Team A
MT00079,M014,20250924,Corrective,220.0,65021.0,Team B
MT00080,M019,20250924,Corrective,341.0,95230.0,Team D
MT00081,M020,20250924,Corrective,160.0,85751.0,Team C
MT00082,M004,20250925,Corrective,177.0,87475.0,Team C
MT00083,M007,20250925,Corrective,150.0,17426.0,Team C
MT00084,M006,20250926,Corrective,350.0,81580.0,Team A
MT00085,M015,20250926,Corrective,210.0,47316.0,Team B
MT00086,M030,20250926,Corrective,324.0,111321.0,Team C
MT00087,M012,20250927,Corrective,356.0,43219.0,Team A
MT00088,M008,20250928,Corrective,294.0,55229.0,Team A
MT00089,M017,20250928,Corrective,309.0,106643.0,Team B
MT00090,M028,20250928,Corrective,222.0,52985.0,Team A
MT00091,M031,20250929,Corrective,326.0,117384.0,Team B
MT00092,M036,20250929,Preventive,146.0,8677.0,Team D
MT00093,M020,20250929,Preventive,119.0,11414.0,Team D
MT00094,M031,20250929,Preventive,168.0,5962.0,Team A
MT00095,M012,20250929,Preventive,106.0,5897.0,Team B
MT00096,M014,20250929,Preventive,143.0,22503.0,Team B
MT00097,M008,20250929,Preventive,128.0,22163.0,Team A
MT00098,M005,20250930,Corrective,328.0,84575.0,Team B
MT00099,M034,20250930,Corrective,206.0,87358.0,Team D
MT00100,M038,20250930,Corrective,314.0,88551.0,Team C
MT00101,M008,20251001,Corrective,282.0,92951.0,Team C
MT00102,M003,20251002,Corrective,271.0,22848.0,Team C
MT00103,M032,20251003,Corrective,202.0,45512.0,Team A
MT00104,M020,20251004,Corrective,214.0,102904.0,Team B
MT00105,M039,20251004,Corrective,310.0,60892.0,Team B
MT00106,M037,20251005,Corrective,148.0,102715.0,Team D
MT00107,M008,20251006,Corrective,325.0,18607.0,Team D
MT00108,M038,20251006,Corrective,226.0,106821.0,Team A
MT00109,M039,20251006,Corrective,347.0,64132.0,Team A
MT00110,M029,20251006,Preventive,115.0,16502.0,Team C
MT00111,M025,20251006,Preventive,100.0,28371.0,Team B
MT00112,M012,20251006,Preventive,98.0,27640.0,Team D
MT00113,M008,20251006,Preventive,98.0,10436.0,Team B
MT00114,M021,20251006,Preventive,151.0,21500.0,Team A
MT00115,M036,20251006,Preventive,123.0,13257.0,Team C
MT00116,M001,20251007,Corrective,217.0,89923.0,Team D
MT00117,M035,20251007,Corrective,243.0,35125.0,Team B
MT00118,M037,20251007,Corrective,269.0,67468.0,Team C
MT00119,M004,20251008,Corrective,284.0,49101.0,Team D
MT00120,M007,20251008,Corrective,167.0,50242.0,Team D
MT00121,M026,20251008,Corrective,220.0,18150.0,Team B
MT00122,M002,20251009,Corrective,256.0,77819.0,Team A
MT00123,M013,20251009,Corrective,198.0,18176.0,Team D
MT00124,M031,20251010,Corrective,203.0,27551.0,Team C
MT00125,M010,20251011,Corrective,348.0,55923.0,Team B
MT00126,M038,20251011,Corrective,166.0,102825.0,Team D
MT00127,M015,20251013,Corrective,323.0,20849.0,Team C
MT00128,M031,20251013,Corrective,352.0,64128.0,Team C
MT00129,M024,20251013,Preventive,103.0,16205.0,Team D
MT00130,M027,20251013,Preventive,174.0,15256.0,Team B
MT00131,M034,20251013,Preventive,90.0,17940.0,Team D
MT00132,M032,20251013,Preventive,69.0,25142.0,Team C
MT00133,M035,20251013,Preventive,105.0,23504.0,Team A
MT00134,M017,20251013,Preventive,116.0,11639.0,Team D
MT00135,M009,20251014,Corrective,290.0,16577.0,Team A
MT00136,M015,20251014,Corrective,129.0,114160.0,Team A
MT00137,M022,20251015,Corrective,335.0,85815.0,Team A
MT00138,M033,20251015,Corrective,217.0,118215.0,Team A
MT00139,M031,20251016,Corrective,206.0,78502.0,Team D
MT00140,M025,20251017,Corrective,306.0,49727.0,Team B
MT00141,M019,20251018,Corrective,290.0,20370.0,Team C
MT00142,M019,20251018,Corrective,179.0,54394.0,Team D
MT00143,M004,20251019,Corrective,180.0,91991.0,Team C
MT00144,M004,20251019,Corrective,329.0,58391.0,Team D
MT00145,M013,20251019,Corrective,321.0,54407.0,Team D
MT00146,M014,20251019,Corrective,256.0,85526.0,Team A
MT00147,M023,20251019,Corrective,280.0,89157.0,Team C
MT00148,M028,20251019,Corrective,195.0,19632.0,Team D
MT00149,M039,20251019,Corrective,208.0,62634.0,Team C
MT00150,M036,20251020,Preventive,148.0,21219.0,Team A
MT00151,M010,20251020,Preventive,151.0,21096.0,Team B
MT00152,M013,20251020,Preventive,174.0,5591.0,Team A
MT00153,M019,20251020,Preventive,145.0,19045.0,Team C
MT00154,M021,20251020,Preventive,121.0,17993.0,Team D
MT00155,M023,20251020,Preventive,85.0,29220.0,Team B
MT00156,M016,20251021,Corrective,322.0,34535.0,Team C
MT00157,M020,20251021,Corrective,214.0,111468.0,Team D
MT00158,M040,20251021,Corrective,308.0,77353.0,Team A
MT00159,M018,20251022,Corrective,260.0,56959.0,Team C
MT00160,M017,20251023,Corrective,205.0,23088.0,Team A
MT00161,M029,20251023,Corrective,174.0,74024.0,Team B
MT00162,M031,20251023,Corrective,318.0,105715.0,Team C
MT00163,M035,20251023,Corrective,324.0,118729.0,Team B
MT00164,M039,20251023,Corrective,287.0,100093.0,Team D
MT00165,M019,20251024,Corrective,334.0,39447.0,Team C
MT00166,M034,20251024,Corrective,338.0,76459.0,Team D
MT00167,M040,20251025,Corrective,261.0,43665.0,Team B
MT00168,M015,20251026,Corrective,239.0,98226.0,Team D
MT00169,M030,20251026,Corrective,194.0,66222.0,Team B
MT00170,M005,20251027,Corrective,146.0,89045.0,Team B
MT00171,M029,20251027,Preventive,69.0,15462.0,Team C
MT00172,M022,20251027,Preventive,131.0,23978.0,Team D
MT00173,M028,20251027,Preventive,156.0,26005.0,Team C
MT00174,M017,20251027,Preventive,87.0,22126.0,Team B
MT00175,M021,20251027,Preventive,117.0,29164.0,Team D
MT00176,M033,20251027,Preventive,62.0,28753.0,Team B
MT00177,M011,20251029,Corrective,342.0,53139.0,Team A
MT00178,M002,20251030,Corrective,258.0,88330.0,Team A
MT00179,M003,20251031,Corrective,132.0,32011.0,Team C
MT00180,M015,20251031,Corrective,193.0,89089.0,Team C
MT00181,M015,20251031,Corrective,135.0,89438.0,Team D
MT00182,M014,20251101,Corrective,235.0,70076.0,Team B
MT00183,M040,20251101,Corrective,283.0,99229.0,Team D
MT00184,M001,20251102,Corrective,238.0,24023.0,Team C
MT00185,M004,20251102,Corrective,301.0,53660.0,Team C
MT00186,M028,20251102,Corrective,203.0,82987.0,Team D
MT00187,M029,20251103,Corrective,233.0,75319.0,Team D
MT00188,M017,20251103,Preventive,96.0,17694.0,Team A
MT00189,M039,20251103,Preventive,129.0,23179.0,Team C
MT00190,M016,20251103,Preventive,104.0,9781.0,Team A
MT00191,M037,20251103,Preventive,157.0,16950.0,Team D
MT00192,M019,20251103,Preventive,130.0,20857.0,Team B
MT00193,M026,20251103,Preventive,108.0,12675.0,Team D
MT00194,M002,20251104,Corrective,298.0,70844.0,Team B
MT00195,M021,20251104,Corrective,183.0,79628.0,Team B
MT00196,M031,20251105,Corrective,276.0,98528.0,Team B
MT00197,M001,20251106,Corrective,339.0,69930.0,Team A
MT00198,M037,20251110,Corrective,153.0,29896.0,Team C
MT00199,M023,20251110,Preventive,106.0,28728.0,Team B
MT00200,M006,20251110,Preventive,112.0,17780.0,Team C
MT00201,M039,20251110,Preventive,124.0,28055.0,Team A
MT00202,M014,20251110,Preventive,127.0,21880.0,Team A
MT00203,M001,20251110,Preventive,117.0,20606.0,Team A
MT00204,M032,20251110,Preventive,70.0,23886.0,Team D
MT00205,M007,20251111,Corrective,293.0,63076.0,Team C
MT00206,M006,20251112,Corrective,284.0,94667.0,Team D
MT00207,M010,20251112,Corrective,327.0,38317.0,Team D
MT00208,M023,20251112,Corrective,352.0,111595.0,Team C
MT00209,M035,20251113,Corrective,192.0,47869.0,Team A
MT00210,M038,20251113,Corrective,336.0,54183.0,Team D
MT00211,M010,20251115,Corrective,176.0,33151.0,Team B
MT00212,M004,20251117,Preventive,78.0,29431.0,Team B
MT00213,M017,20251117,Preventive,163.0,6506.0,Team B
MT00214,M012,20251117,Preventive,91.0,19186.0,Team D
MT00215,M019,20251117,Preventive,85.0,20456.0,Team B
MT00216,M028,20251117,Preventive,161.0,22881.0,Team C
MT00217,M014,20251117,Preventive,178.0,28896.0,Team D
MT00218,M028,20251118,Corrective,267.0,77320.0,Team A
MT00219,M029,20251118,Corrective,170.0,71859.0,Team B
MT00220,M007,20251119,Corrective,318.0,85316.0,Team A
MT00221,M015,20251121,Corrective,157.0,82560.0,Team D
MT00222,M020,20251121,Corrective,220.0,22505.0,Team D
MT00223,M003,20251122,Corrective,194.0,87097.0,Team D
MT00224,M020,20251122,Corrective,304.0,39175.0,Team C
MT00225,M020,20251122,Corrective,235.0,87943.0,Team A
MT00226,M027,20251122,Corrective,202.0,92370.0,Team C
MT00227,M019,20251124,Corrective,301.0,96156.0,Team A
MT00228,M026,20251124,Corrective,232.0,76233.0,Team B
MT00229,M006,20251124,Preventive,95.0,21774.0,Team B
MT00230,M002,20251124,Preventive,119.0,14175.0,Team B
MT00231,M035,20251124,Preventive,61.0,13082.0,Team B
MT00232,M032,20251124,Preventive,115.0,17409.0,Team C
MT00233,M013,20251124,Preventive,72.0,6503.0,Team C
MT00234,M029,20251124,Preventive,115.0,25442.0,Team B
MT00235,M003,20251125,Corrective,187.0,34335.0,Team A
MT00236,M004,20251126,Corrective,248.0,43169.0,Team B
MT00237,M031,20251126,Corrective,131.0,111603.0,Team A
MT00238,M034,20251126,Corrective,301.0,81327.0,Team A
MT00239,M020,20251127,Corrective,261.0,113387.0,Team A
MT00240,M037,20251127,Corrective,258.0,63970.0,Team A
MT00241,M038,20251129,Corrective,313.0,30061.0,Team D
MT00242,M030,20251130,Corrective,173.0,28816.0,Team D
MT00243,M013,20251201,Corrective,130.0,102115.0,Team C
MT00244,M038,20251201,Corrective,244.0,47784.0,Team B
MT00245,M004,20251201,Preventive,154.0,16334.0,Team A
MT00246,M017,20251201,Preventive,163.0,28720.0,Team D
MT00247,M009,20251201,Preventive,145.0,7011.0,Team B
MT00248,M015,20251201,Preventive,117.0,15150.0,Team D
MT00249,M032,20251201,Preventive,85.0,7938.0,Team D
MT00250,M018,20251201,Preventive,143.0,12537.0,Team D
MT00251,M016,20251202,Corrective,334.0,45285.0,Team C
MT00252,M021,20251202,Corrective,299.0,44353.0,Team C
MT00253,M023,20251202,Corrective,253.0,34142.0,Team B
MT00254,M013,20251203,Corrective,188.0,77561.0,Team A
MT00255,M008,20251205,Corrective,279.0,97458.0,Team C
MT00256,M018,20251205,Corrective,353.0,28486.0,Team C
MT00257,M035,20251205,Corrective,276.0,70351.0,Team D
MT00258,M025,20251207,Corrective,301.0,116862.0,Team B
MT00259,M026,20251207,Corrective,130.0,31626.0,Team A
MT00260,M024,20251208,Preventive,113.0,20963.0,Team B
MT00261,M032,20251208,Preventive,112.0,26782.0,Team C
MT00262,M025,20251208,Preventive,101.0,20622.0,Team B
MT00263,M005,20251208,Preventive,104.0,6102.0,Team B
MT00264,M002,20251208,Preventive,80.0,17412.0,Team D
MT00265,M023,20251208,Preventive,171.0,21729.0,Team A
MT00266,M008,20251209,Corrective,324.0,118765.0,Team C
MT00267,M007,20251210,Corrective,191.0,91722.0,Team D
MT00268,M009,20251210,Corrective,341.0,78149.0,Team D
MT00269,M005,20251211,Corrective,233.0,24094.0,Team B
MT00270,M028,20251211,Corrective,187.0,34412.0,Team B
MT00271,M018,20251212,Corrective,146.0,116690.0,Team B
MT00272,M024,20251212,Corrective,218.0,105939.0,Team A
MT00273,M028,20251213,Corrective,201.0,75719.0,Team C
MT00274,M039,20251214,Corrective,162.0,109114.0,Team D
MT00275,M008,20251215,Corrective,345.0,43399.0,Team A
MT00276,M011,20251215,Corrective,270.0,118663.0,Team A
MT00277,M001,20251215,Preventive,143.0,20137.0,Team B
MT00278,M023,20251215,Preventive,139.0,10313.0,Team B
MT00279,M009,20251215,Preventive,138.0,13085.0,Team B
MT00280,M020,20251215,Preventive,77.0,7139.0,Team A
MT00281,M032,20251215,Preventive,172.0,8413.0,Team C
MT00282,M007,20251215,Preventive,144.0,9540.0,Team C
MT00283,M016,20251216,Corrective,266.0,80516.0,Team B
MT00284,M014,20251217,Corrective,155.0,62269.0,Team B
MT00285,M021,20251217,Corrective,188.0,85634.0,Team C
MT00286,M008,20251219,Corrective,320.0,67557.0,Team C
MT00287,M011,20251219,Corrective,290.0,101184.0,Team C
MT00288,M016,20251219,Corrective,170.0,108451.0,Team A
MT00289,M018,20251219,Corrective,264.0,16504.0,Team D
MT00290,M036,20251220,Corrective,186.0,105654.0,Team B
MT00291,M025,20251221,Corrective,213.0,113642.0,Team B
MT00292,M029,20251221,Corrective,134.0,71159.0,Team D
MT00293,M037,20251222,Corrective,352.0,37897.0,Team C
MT00294,M030,20251222,Preventive,173.0,11596.0,Team D
MT00295,M005,20251222,Preventive,137.0,16118.0,Team D
MT00296,M004,20251222,Preventive,144.0,11815.0,Team A
MT00297,M038,20251222,Preventive,113.0,15194.0,Team D
MT00298,M007,20251222,Preventive,177.0,5938.0,Team B
MT00299,M028,20251222,Preventive,153.0,16401.0,Team D
MT00300,M009,20251223,Corrective,157.0,37622.0,Team D
MT00301,M016,20251223,Corrective,248.0,40434.0,Team A
MT00302,M016,20251223,Corrective,334.0,110348.0,Team D
MT00303,M017,20251224,Corrective,275.0,59221.0,Team D
MT00304,M012,20251225,Corrective,173.0,57512.0,Team A
MT00305,M034,20251225,Corrective,293.0,34679.0,Team B
MT00306,M028,20251227,Corrective,341.0,64332.0,Team A
MT00307,M038,20251228,Corrective,188.0,71756.0,Team B
MT00308,M002,20251229,Corrective,316.0,56353.0,Team A
MT00309,M011,20251229,Preventive,180.0,24713.0,Team D
MT00310,M022,20251229,Preventive,141.0,9971.0,Team B
MT00311,M037,20251229,Preventive,79.0,6593.0,Team A
MT00312,M008,20251229,Preventive,96.0,27936.0,Team D
MT00313,M013,20251229,Preventive,122.0,18108.0,Team D
MT00314,M020,20251229,Preventive,112.0,7040.0,Team B
MT00315,M024,20251230,Corrective,217.0,92220.0,Team A
MT00316,M004,20251231,Corrective,145.0,84110.0,Team D
MT00317,M004,20251231,Corrective,339.0,37927.0,Team D
MT00318,M014,20251231,Corrective,343.0,116255.0,Team D
MT00319,M027,20251231,Corrective,351.0,90445.0,Team A
MT00320,M040,20251231,Corrective,259.0,28367.0,Team B
MT00321,M010,20260101,Corrective,338.0,44660.0,Team C
MT00322,M012,20260101,Corrective,198.0,91134.0,Team B
MT00323,M013,20260101,Corrective,317.0,79664.0,Team C
MT00324,M034,20260101,Corrective,143.0,77867.0,Team D
MT00325,M031,20260103,Corrective,189.0,52403.0,Team C
MT00326,M027,20260104,Corrective,171.0,77523.0,Team B
MT00327,M030,20260104,Corrective,175.0,49055.0,Team B
MT00328,M023,20260105,Corrective,164.0,28760.0,Team C
MT00329,M016,20260105,Preventive,108.0,17340.0,Team D
MT00330,M011,20260105,Preventive,66.0,8071.0,Team B
MT00331,M006,20260105,Preventive,102.0,17772.0,Team C
MT00332,M018,20260105,Preventive,154.0,17991.0,Team A
MT00333,M031,20260105,Preventive,101.0,18934.0,Team C
MT00334,M002,20260105,Preventive,92.0,8725.0,Team B
MT00335,M007,20260106,Corrective,313.0,118445.0,Team D
MT00336,M016,20260106,Corrective,226.0,110258.0,Team B
MT00337,M026,20260106,Corrective,333.0,15755.0,Team A
MT00338,M039,20260106,Corrective,266.0,94445.0,Team B
MT00339,M004,20260107,Corrective,142.0,86519.0,Team A
MT00340,M016,20260107,Corrective,331.0,64789.0,Team C
MT00341,M036,20260107,Corrective,217.0,89708.0,Team A
MT00342,M037,20260107,Corrective,275.0,38783.0,Team D
MT00343,M001,20260108,Corrective,162.0,29869.0,Team A
MT00344,M002,20260108,Corrective,344.0,77166.0,Team C
MT00345,M009,20260111,Corrective,192.0,42374.0,Team C
MT00346,M012,20260112,Corrective,181.0,40007.0,Team C
MT00347,M035,20260112,Corrective,169.0,31884.0,Team A
MT00348,M040,20260112,Corrective,155.0,74402.0,Team C
MT00349,M040,20260112,Preventive,170.0,9242.0,Team D
MT00350,M029,20260112,Preventive,80.0,11543.0,Team D
MT00351,M011,20260112,Preventive,91.0,29611.0,Team D
MT00352,M002,20260112,Preventive,136.0,8414.0,Team A
MT00353,M032,20260112,Preventive,177.0,5759.0,Team A
MT00354,M025,20260112,Preventive,127.0,12520.0,Team B
MT00355,M010,20260114,Corrective,278.0,48525.0,Team B
MT00356,M012,20260114,Corrective,155.0,34339.0,Team A
MT00357,M022,20260114,Corrective,192.0,21016.0,Team A
MT00358,M016,20260115,Corrective,280.0,48253.0,Team D
MT00359,M019,20260115,Corrective,253.0,74924.0,Team C
MT00360,M025,20260116,Corrective,348.0,29025.0,Team B
MT00361,M025,20260116,Corrective,138.0,99690.0,Team A
MT00362,M029,20260116,Corrective,205.0,52480.0,Team D
MT00363,M040,20260117,Corrective,179.0,60280.0,Team C
MT00364,M001,20260118,Corrective,348.0,52784.0,Team C
MT00365,M003,20260119,Corrective,184.0,36528.0,Team D
MT00366,M004,20260119,Corrective,130.0,98149.0,Team C
MT00367,M026,20260119,Corrective,185.0,20379.0,Team D
MT00368,M003,20260119,Preventive,119.0,21142.0,Team C
MT00369,M002,20260119,Preventive,173.0,5745.0,Team D
MT00370,M040,20260119,Preventive,148.0,6899.0,Team B
MT00371,M024,20260119,Preventive,126.0,17812.0,Team A
MT00372,M031,20260119,Preventive,126.0,9756.0,Team D
MT00373,M007,20260119,Preventive,167.0,17488.0,Team C
MT00374,M019,20260120,Corrective,279.0,41983.0,Team D
MT00375,M022,20260120,Corrective,164.0,15339.0,Team B
MT00376,M030,20260121,Corrective,150.0,112768.0,Team B
MT00377,M033,20260121,Corrective,318.0,54969.0,Team B
MT00378,M021,20260122,Corrective,213.0,98458.0,Team A
MT00379,M023,20260122,Corrective,126.0,115557.0,Team A
MT00380,M034,20260122,Corrective,287.0,64096.0,Team A
MT00381,M040,20260122,Corrective,268.0,96913.0,Team D
MT00382,M014,20260123,Corrective,184.0,81492.0,Team C
MT00383,M031,20260124,Corrective,340.0,58908.0,Team D
MT00384,M007,20260125,Corrective,287.0,116216.0,Team D
MT00385,M027,20260125,Corrective,160.0,19848.0,Team B
MT00386,M029,20260125,Corrective,127.0,71781.0,Team A
MT00387,M033,20260125,Corrective,230.0,68806.0,Team C
MT00388,M036,20260125,Corrective,326.0,78153.0,Team B
MT00389,M038,20260125,Corrective,225.0,105555.0,Team D
MT00390,M015,20260126,Corrective,359.0,109343.0,Team D
MT00391,M009,20260126,Preventive,118.0,28610.0,Team B
MT00392,M034,20260126,Preventive,140.0,9220.0,Team D
MT00393,M006,20260126,Preventive,83.0,27750.0,Team D
MT00394,M029,20260126,Preventive,114.0,24722.0,Team A
MT00395,M007,20260126,Preventive,115.0,5038.0,Team C
MT00396,M037,20260126,Preventive,173.0,25581.0,Team C
MT00397,M039,20260127,Corrective,355.0,32755.0,Team A
MT00398,M002,20260128,Corrective,168.0,105362.0,Team D
MT00399,M009,20260128,Corrective,231.0,86663.0,Team C
MT00400,M014,20260129,Corrective,310.0,59133.0,Team C
MT00401,M005,20260130,Corrective,324.0,118113.0,Team C
MT00402,M002,20260131,Corrective,171.0,77485.0,Team C
MT00403,M031,20260131,Corrective,189.0,88722.0,Team A
MT00404,M031,20260131,Corrective,280.0,110300.0,Team B
MT00405,M029,20260201,Corrective,222.0,95880.0,Team D
MT00406,M032,20260202,Corrective,197.0,49139.0,Team B
MT00407,M022,20260202,Preventive,179.0,17858.0,Team C
MT00408,M032,20260202,Preventive,139.0,14720.0,Team C
MT00409,M040,20260202,Preventive,101.0,15637.0,Team A
MT00410,M038,20260202,Preventive,102.0,14604.0,Team A
MT00411,M036,20260202,Preventive,129.0,16064.0,Team B
MT00412,M014,20260202,Preventive,132.0,28186.0,Team A
MT00413,M017,20260203,Corrective,191.0,31190.0,Team C
MT00414,M027,20260203,Corrective,142.0,62001.0,Team A
MT00415,M025,20260204,Corrective,230.0,68240.0,Team C
MT00416,M021,20260205,Corrective,205.0,49070.0,Team A
MT00417,M026,20260205,Corrective,151.0,60712.0,Team B
MT00418,M029,20260205,Corrective,150.0,39799.0,Team C
MT00419,M029,20260205,Corrective,217.0,26446.0,Team B
MT00420,M029,20260206,Corrective,125.0,66544.0,Team C
MT00421,M032,20260206,Corrective,271.0,74148.0,Team D
MT00422,M018,20260208,Corrective,253.0,118922.0,Team B
MT00423,M019,20260208,Corrective,184.0,112355.0,Team A
MT00424,M028,20260208,Corrective,227.0,17199.0,Team A
MT00425,M030,20260208,Corrective,233.0,42571.0,Team D
MT00426,M031,20260208,Corrective,186.0,76607.0,Team D
MT00427,M004,20260209,Corrective,353.0,63467.0,Team D
MT00428,M011,20260209,Corrective,151.0,84402.0,Team A
MT00429,M003,20260209,Preventive,150.0,7208.0,Team B
MT00430,M002,20260209,Preventive,145.0,13457.0,Team D
MT00431,M033,20260209,Preventive,121.0,24237.0,Team B
MT00432,M008,20260209,Preventive,174.0,16317.0,Team B
MT00433,M012,20260209,Preventive,134.0,9597.0,Team B
MT00434,M018,20260209,Preventive,152.0,29755.0,Team D
MT00435,M027,20260210,Corrective,201.0,97111.0,Team C
MT00436,M038,20260211,Corrective,151.0,46729.0,Team C
MT00437,M033,20260212,Corrective,225.0,91641.0,Team B
MT00438,M002,20260213,Corrective,272.0,75869.0,Team D
MT00439,M016,20260213,Corrective,271.0,69563.0,Team D
MT00440,M035,20260213,Corrective,348.0,113199.0,Team A
MT00441,M020,20260214,Corrective,345.0,66617.0,Team D
MT00442,M017,20260215,Corrective,136.0,62481.0,Team D
MT00443,M030,20260215,Corrective,137.0,64090.0,Team C
MT00444,M024,20260216,Corrective,182.0,82901.0,Team C
MT00445,M027,20260216,Corrective,226.0,47728.0,Team C
MT00446,M040,20260216,Preventive,145.0,23650.0,Team C
MT00447,M002,20260216,Preventive,81.0,28088.0,Team A
MT00448,M007,20260216,Preventive,101.0,29987.0,Team C
MT00449,M030,20260216,Preventive,114.0,16152.0,Team C
MT00450,M020,20260216,Preventive,77.0,29368.0,Team D
MT00451,M024,20260216,Preventive,109.0,9031.0,Team D
MT00452,M006,20260217,Corrective,135.0,46151.0,Team A
MT00453,M015,20260217,Corrective,359.0,22378.0,Team A
MT00454,M022,20260217,Corrective,229.0,42128.0,Team A
MT00455,M024,20260217,Corrective,260.0,46644.0,Team D
MT00456,M007,20260218,Corrective,247.0,114574.0,Team B
MT00457,M001,20260220,Corrective,334.0,26951.0,Team A
MT00458,M005,20260220,Corrective,315.0,51211.0,Team D
MT00459,M030,20260220,Corrective,236.0,56389.0,Team B
MT00460,M002,20260221,Corrective,304.0,68375.0,Team B
MT00461,M013,20260222,Corrective,139.0,97520.0,Team A
MT00462,M016,20260222,Corrective,178.0,107846.0,Team C
MT00463,M019,20260222,Corrective,265.0,31330.0,Team B
MT00464,M027,20260222,Corrective,268.0,68181.0,Team D
MT00465,M021,20260223,Corrective,355.0,46001.0,Team A
MT00466,M012,20260223,Preventive,127.0,27044.0,Team A
MT00467,M026,20260223,Preventive,105.0,8018.0,Team A
MT00468,M035,20260223,Preventive,145.0,14797.0,Team C
MT00469,M021,20260223,Preventive,75.0,17075.0,Team C
MT00470,M005,20260223,Preventive,155.0,5747.0,Team C
MT00471,M029,20260223,Preventive,108.0,16174.0,Team A
MT00472,M037,20260224,Corrective,213.0,87616.0,Team B
MT00473,M037,20260224,Corrective,178.0,97995.0,Team C
MT00474,M040,20260224,Corrective,314.0,109801.0,Team C
MT00475,M036,20260225,Corrective,186.0,84267.0,Team C
MT00476,M021,20260226,Corrective,207.0,95981.0,Team D
MT00477,M023,20260226,Corrective,138.0,20252.0,Team D
MT00478,M003,20260227,Corrective,258.0,117305.0,Team C
MT00479,M015,20260228,Corrective,159.0,31635.0,Team D
MT00480,M007,20260301,Corrective,311.0,43417.0,Team D
MT00481,M008,20260301,Corrective,127.0,115598.0,Team B
MT00482,M035,20260301,Corrective,305.0,25295.0,Team C
MT00483,M033,20260302,Corrective,139.0,118610.0,Team A
MT00484,M040,20260302,Preventive,85.0,10835.0,Team C
MT00485,M032,20260302,Preventive,161.0,29248.0,Team A
MT00486,M002,20260302,Preventive,124.0,17208.0,Team D
MT00487,M027,20260302,Preventive,156.0,18333.0,Team C
MT00488,M026,20260302,Preventive,140.0,25225.0,Team C
MT00489,M038,20260302,Preventive,155.0,7221.0,Team A
MT00490,M005,20260303,Corrective,239.0,77679.0,Team B
MT00491,M022,20260303,Corrective,136.0,25364.0,Team A
MT00492,M024,20260303,Corrective,167.0,27655.0,Team D
MT00493,M010,20260305,Corrective,268.0,88330.0,Team A
MT00494,M013,20260305,Corrective,161.0,44017.0,Team A
MT00495,M019,20260305,Corrective,210.0,45839.0,Team C
MT00496,M023,20260305,Corrective,341.0,73578.0,Team D
MT00497,M030,20260306,Corrective,197.0,35235.0,Team A
MT00498,M001,20260307,Corrective,273.0,37555.0,Team C
MT00499,M022,20260307,Corrective,318.0,75173.0,Team C
MT00500,M020,20260308,Corrective,320.0,47256.0,Team D
MT00501,M032,20260308,Corrective,169.0,89719.0,Team D
MT00502,M010,20260309,Preventive,168.0,19194.0,Team A
MT00503,M034,20260309,Preventive,89.0,28764.0,Team C
MT00504,M024,20260309,Preventive,147.0,22399.0,Team D
MT00505,M029,20260309,Preventive,155.0,19868.0,Team B
MT00506,M009,20260309,Preventive,164.0,22471.0,Team C
MT00507,M001,20260309,Preventive,146.0,7459.0,Team B
MT00508,M006,20260310,Corrective,125.0,18061.0,Team B
MT00509,M009,20260310,Corrective,123.0,95460.0,Team A
MT00510,M024,20260310,Corrective,252.0,86857.0,Team D
MT00511,M040,20260310,Corrective,211.0,21617.0,Team A
MT00512,M037,20260311,Corrective,156.0,23833.0,Team A
MT00513,M020,20260312,Corrective,199.0,95103.0,Team B
MT00514,M006,20260313,Corrective,359.0,95709.0,Team D
MT00515,M029,20260314,Corrective,237.0,116196.0,Team A
MT00516,M007,20260315,Corrective,267.0,105334.0,Team D
MT00517,M038,20260316,Corrective,341.0,119627.0,Team A
MT00518,M032,20260316,Preventive,163.0,27594.0,Team D
MT00519,M027,20260316,Preventive,139.0,27637.0,Team B
MT00520,M006,20260316,Preventive,175.0,8799.0,Team B
MT00521,M023,20260316,Preventive,124.0,9472.0,Team B
MT00522,M002,20260316,Preventive,173.0,6789.0,Team B
MT00523,M017,20260316,Preventive,167.0,15902.0,Team B
MT00524,M012,20260317,Corrective,176.0,89196.0,Team C
MT00525,M010,20260318,Corrective,306.0,84497.0,Team B
MT00526,M033,20260319,Corrective,151.0,34954.0,Team A
MT00527,M037,20260319,Corrective,265.0,115588.0,Team A
MT00528,M016,20260320,Corrective,234.0,33298.0,Team C
MT00529,M020,20260320,Corrective,293.0,33479.0,Team D
MT00530,M011,20260321,Corrective,252.0,25293.0,Team A
MT00531,M038,20260321,Corrective,157.0,42722.0,Team B
MT00532,M002,20260322,Corrective,348.0,81263.0,Team D
MT00533,M015,20260323,Corrective,299.0,82237.0,Team D
MT00534,M025,20260323,Preventive,108.0,11134.0,Team B
MT00535,M001,20260323,Preventive,172.0,6278.0,Team D
MT00536,M039,20260323,Preventive,164.0,27987.0,Team C
MT00537,M024,20260323,Preventive,145.0,25706.0,Team D
MT00538,M008,20260323,Preventive,153.0,22623.0,Team D
MT00539,M033,20260323,Preventive,100.0,27405.0,Team A
MT00540,M004,20260324,Corrective,346.0,30206.0,Team C
MT00541,M012,20260324,Corrective,311.0,43244.0,Team C
MT00542,M002,20260325,Corrective,314.0,51387.0,Team A
MT00543,M033,20260326,Corrective,282.0,67106.0,Team D
MT00544,M034,20260326,Corrective,208.0,116591.0,Team A
MT00545,M016,20260329,Corrective,136.0,39803.0,Team A
MT00546,M019,20260329,Corrective,163.0,115954.0,Team D
